<?xml version="1.0" encoding="utf-8" standalone="no" ?>
<modDesc descVersion="62">
	<author>Jason06, s4t4n</author>
	<version>1.0.0.1</version>
    <title>
		<en>Realistic Player Size</en>
		<de>Realistische Spielergröße</de>
    </title>
    <description>
		<en>
<![CDATA[
Reduces player size from 2.12m to 1.83m, because all players seems to be Giants... ;-)
]]>
		</en>	
		<de>
<![CDATA[
Reduziert die Größe des Spielers von 2.12m auf 1.83m.
]]>
		</de>
 	</description>	
    <multiplayer supported="true"/>
	<iconFilename>icon.dds</iconFilename>
	<extraSourceFiles>
        <sourceFile filename="realisticPlayerSize.lua" />
    </extraSourceFiles>
</modDesc>
